# Confusable characters, reduced to what matters for domain names.
# Generated by scripts/refresh_confusables.py — do not edit by hand.
# Source: https://www.unicode.org/Public/security/latest/confusables.txt
# Terms of use: https://www.unicode.org/terms_of_use.html
#
# ascii	codepoint	script	name
-	2CBB	COPTIC	COPTIC SMALL LETTER DIALECT-P NI
2	01A8	LATIN	LATIN SMALL LETTER TONE TWO
2	03E9	COPTIC	COPTIC SMALL LETTER HORI
2	14BF	CANADIAN	CANADIAN SYLLABICS SAYISI M
2	A645	CYRILLIC	CYRILLIC SMALL LETTER REVERSED DZE
2	A75B	LATIN	LATIN SMALL LETTER R ROTUNDA
3	021D	LATIN	LATIN SMALL LETTER YOGH
3	025C	LATIN	LATIN SMALL LETTER REVERSED OPEN E
3	0292	LATIN	LATIN SMALL LETTER EZH
3	0437	CYRILLIC	CYRILLIC SMALL LETTER ZE
3	04E1	CYRILLIC	CYRILLIC SMALL LETTER ABKHASIAN DZE
3	0969	DEVANAGARI	DEVANAGARI DIGIT THREE
3	0AE9	GUJARATI	GUJARATI DIGIT THREE
3	2C9D	COPTIC	COPTIC SMALL LETTER KSI
3	2CC5	COPTIC	COPTIC SMALL LETTER OLD COPTIC SHEI
3	2CCD	COPTIC	COPTIC SMALL LETTER OLD COPTIC HORI
3	A76B	LATIN	LATIN SMALL LETTER ET
3	118CA	WARANG CITI	WARANG CITI SMALL LETTER ANG
3	16F3B	MIAO	MIAO LETTER ZA
4	AB9E	CHEROKEE	CHEROKEE SMALL LETTER SE
4	118CF	WARANG CITI	WARANG CITI SMALL LETTER UC
5	01BD	LATIN	LATIN SMALL LETTER TONE FIVE
5	118DB	WARANG CITI	WARANG CITI SMALL LETTER HORR
6	03ED	COPTIC	COPTIC SMALL LETTER SHIMA
6	0431	CYRILLIC	CYRILLIC SMALL LETTER BE
6	2CD3	COPTIC	COPTIC SMALL LETTER OLD COPTIC HEI
6	2CDD	COPTIC	COPTIC SMALL LETTER OLD NUBIAN SHIMA
6	ABBE	CHEROKEE	CHEROKEE SMALL LETTER WV
6	118D5	WARANG CITI	WARANG CITI SMALL LETTER AT
7	104FA	OSAGE	OSAGE SMALL LETTER ZA
7	118C6	WARANG CITI	WARANG CITI SMALL LETTER II
8	0223	LATIN	LATIN SMALL LETTER OU
8	09EA	BENGALI	BENGALI DIGIT FOUR
8	0A6A	GURMUKHI	GURMUKHI DIGIT FOUR
8	0B03	ORIYA	ORIYA SIGN VISARGA
8	1031A	OLD ITALIC	OLD ITALIC LETTER EF
9	09ED	BENGALI	BENGALI DIGIT SEVEN
9	0A67	GURMUKHI	GURMUKHI DIGIT ONE
9	0B68	ORIYA	ORIYA DIGIT TWO
9	0D6D	MALAYALAM	MALAYALAM DIGIT SEVEN
9	2CCB	COPTIC	COPTIC SMALL LETTER DIALECT-P HORI
9	A76F	LATIN	LATIN SMALL LETTER CON
9	118CC	WARANG CITI	WARANG CITI SMALL LETTER KO
9	118D6	WARANG CITI	WARANG CITI SMALL LETTER AM
a	0251	LATIN	LATIN SMALL LETTER ALPHA
a	03B1	GREEK	GREEK SMALL LETTER ALPHA
a	0430	CYRILLIC	CYRILLIC SMALL LETTER A
a	15C5	CANADIAN	CANADIAN SYLLABICS CARRIER GHO
a	A4EE	LISU	LISU LETTER A
a	AB7A	CHEROKEE	CHEROKEE SMALL LETTER GO
a	102A0	CARIAN	CARIAN LETTER A
a	16F40	MIAO	MIAO LETTER ZZYA
b	0185	LATIN	LATIN SMALL LETTER TONE SIX
b	03B2	GREEK	GREEK SMALL LETTER BETA
b	0432	CYRILLIC	CYRILLIC SMALL LETTER VE
b	044C	CYRILLIC	CYRILLIC SMALL LETTER SOFT SIGN
b	13FC	CHEROKEE	CHEROKEE SMALL LETTER YV
b	1472	CANADIAN	CANADIAN SYLLABICS KA
b	15AF	CANADIAN	CANADIAN SYLLABICS AIVILIK B
b	15F7	CANADIAN	CANADIAN SYLLABICS CARRIER KHE
b	2C83	COPTIC	COPTIC SMALL LETTER VIDA
b	A4D0	LISU	LISU LETTER BA
b	A7B5	LATIN	LATIN SMALL LETTER BETA
b	AB9F	CHEROKEE	CHEROKEE SMALL LETTER SI
b	10282	LYCIAN	LYCIAN LETTER B
b	102A1	CARIAN	CARIAN LETTER P2
b	10301	OLD ITALIC	OLD ITALIC LETTER BE
c	03F2	GREEK LUNATE SIGMA	GREEK LUNATE SIGMA SYMBOL
c	0441	CYRILLIC	CYRILLIC SMALL LETTER ES
c	1004	MYANMAR	MYANMAR LETTER NGA
c	105A	MYANMAR	MYANMAR LETTER MON NGA
c	1D04	LATIN	LATIN LETTER SMALL CAPITAL C
c	2CA5	COPTIC	COPTIC SMALL LETTER SIMA
c	A4DA	LISU	LISU LETTER CA
c	ABAF	CHEROKEE	CHEROKEE SMALL LETTER TLI
c	102A2	CARIAN	CARIAN LETTER D
c	10302	OLD ITALIC	OLD ITALIC LETTER KE
c	1043D	DESERET	DESERET SMALL LETTER CHEE
c	1051C	ELBASAN	ELBASAN LETTER SHE
c	118E9	WARANG CITI	WARANG CITI DIGIT NINE
d	0501	CYRILLIC	CYRILLIC SMALL LETTER KOMI DE
d	146F	CANADIAN	CANADIAN SYLLABICS KO
d	15DE	CANADIAN	CANADIAN SYLLABICS CARRIER THE
d	15EA	CANADIAN	CANADIAN SYLLABICS CARRIER PE
d	A4D2	LISU	LISU LETTER PHA
d	A4D3	LISU	LISU LETTER DA
d	AB70	CHEROKEE	CHEROKEE SMALL LETTER A
d	ABB7	CHEROKEE	CHEROKEE SMALL LETTER TSU
e	03B5	GREEK	GREEK SMALL LETTER EPSILON
e	0435	CYRILLIC	CYRILLIC SMALL LETTER IE
e	04BD	CYRILLIC	CYRILLIC SMALL LETTER ABKHASIAN CHE
e	2D39	TIFINAGH	TIFINAGH LETTER YADD
e	A4F0	LISU	LISU LETTER E
e	AB32	LATIN	LATIN SMALL LETTER BLACKLETTER E
e	AB7C	CHEROKEE	CHEROKEE SMALL LETTER GV
e	10286	LYCIAN	LYCIAN LETTER I
e	118C6	WARANG CITI	WARANG CITI SMALL LETTER II
e	118CE	WARANG CITI	WARANG CITI SMALL LETTER YUJ
f	0192	LATIN	LATIN SMALL LETTER F WITH HOOK
f	03DD	GREEK	GREEK SMALL LETTER DIGAMMA
f	0584	ARMENIAN	ARMENIAN SMALL LETTER KEH
f	15B4	CANADIAN	CANADIAN SYLLABICS BLACKFOOT WE
f	1E9D	LATIN	LATIN SMALL LETTER LONG S WITH HIGH STROKE
f	A4DD	LISU	LISU LETTER TSA
f	A799	LATIN	LATIN SMALL LETTER F WITH STROKE
f	AB35	LATIN	LATIN SMALL LETTER LENIS F
f	10287	LYCIAN	LYCIAN LETTER W
f	102A5	CARIAN	CARIAN LETTER R
f	10525	ELBASAN	ELBASAN LETTER GHE
f	118C2	WARANG CITI	WARANG CITI SMALL LETTER WI
g	018D	LATIN	LATIN SMALL LETTER TURNED DELTA
g	0261	LATIN	LATIN SMALL LETTER SCRIPT G
g	050D	CYRILLIC	CYRILLIC SMALL LETTER KOMI SJE
g	0581	ARMENIAN	ARMENIAN SMALL LETTER CO
g	13FB	CHEROKEE	CHEROKEE SMALL LETTER YU
g	1D83	LATIN	LATIN SMALL LETTER G WITH PALATAL HOOK
g	A4D6	LISU	LISU LETTER GA
g	AB90	CHEROKEE	CHEROKEE SMALL LETTER NAH
h	03B7	GREEK	GREEK SMALL LETTER ETA
h	043D	CYRILLIC	CYRILLIC SMALL LETTER EN
h	04BB	CYRILLIC	CYRILLIC SMALL LETTER SHHA
h	0570	ARMENIAN	ARMENIAN SMALL LETTER HO
h	157C	CANADIAN	CANADIAN SYLLABICS NUNAVUT H
h	2C8F	COPTIC	COPTIC SMALL LETTER HATE
h	A4E7	LISU	LISU LETTER XA
h	AB8B	CHEROKEE	CHEROKEE SMALL LETTER MI
h	AB92	CHEROKEE	CHEROKEE SMALL LETTER NI
h	102CF	CARIAN	CARIAN LETTER E2
i	0131	LATIN	LATIN SMALL LETTER DOTLESS I
i	0269	LATIN	LATIN SMALL LETTER IOTA
i	026A	LATIN	LATIN LETTER SMALL CAPITAL I
i	03B9	GREEK	GREEK SMALL LETTER IOTA
i	0456	CYRILLIC	CYRILLIC SMALL LETTER BYELORUSSIAN-UKRAINIAN I
i	0582	ARMENIAN	ARMENIAN SMALL LETTER YIWN
i	2C93	COPTIC	COPTIC SMALL LETTER IAUDA
i	A647	CYRILLIC	CYRILLIC SMALL LETTER IOTA
i	AB75	CHEROKEE	CHEROKEE SMALL LETTER V
i	118C3	WARANG CITI	WARANG CITI SMALL LETTER YU
j	029D	LATIN	LATIN SMALL LETTER J WITH CROSSED-TAIL
j	03F3	GREEK	GREEK LETTER YOT
j	0458	CYRILLIC	CYRILLIC SMALL LETTER JE
j	148D	CANADIAN	CANADIAN SYLLABICS CO
j	A4D9	LISU	LISU LETTER JA
j	AB7B	CHEROKEE	CHEROKEE SMALL LETTER GU
k	03BA	GREEK	GREEK SMALL LETTER KAPPA
k	043A	CYRILLIC	CYRILLIC SMALL LETTER KA
k	16D5	RUNIC	RUNIC LETTER OPEN-P
k	2C95	COPTIC	COPTIC SMALL LETTER KAPA
k	A4D7	LISU	LISU LETTER KA
k	ABB6	CHEROKEE	CHEROKEE SMALL LETTER TSO
k	10518	ELBASAN	ELBASAN LETTER QE
l	01C0	LATIN	LATIN LETTER DENTAL CLICK
l	0269	LATIN	LATIN SMALL LETTER IOTA
l	03B9	GREEK	GREEK SMALL LETTER IOTA
l	0456	CYRILLIC	CYRILLIC SMALL LETTER BYELORUSSIAN-UKRAINIAN I
l	04CF	CYRILLIC	CYRILLIC SMALL LETTER PALOCHKA
l	06F1	EXTENDED ARABIC-INDIC	EXTENDED ARABIC-INDIC DIGIT ONE
l	14AA	CANADIAN	CANADIAN SYLLABICS MA
l	16C1	RUNIC	RUNIC LETTER ISAZ IS ISS I
l	2C93	COPTIC	COPTIC SMALL LETTER IAUDA
l	2CD1	COPTIC	COPTIC SMALL LETTER L-SHAPED HA
l	2D4F	TIFINAGH	TIFINAGH LETTER YAN
l	A4E1	LISU	LISU LETTER LA
l	A4F2	LISU	LISU LETTER I
l	ABAE	CHEROKEE	CHEROKEE SMALL LETTER TLE
l	1028A	LYCIAN	LYCIAN LETTER J
l	10309	OLD ITALIC	OLD ITALIC LETTER I
l	10443	DESERET	DESERET SMALL LETTER ETH
l	10526	ELBASAN	ELBASAN LETTER GHAMMA
l	118C3	WARANG CITI	WARANG CITI SMALL LETTER YU
l	118D2	WARANG CITI	WARANG CITI SMALL LETTER TTE
l	16F16	MIAO	MIAO LETTER LA
l	16F28	MIAO	MIAO LETTER GHA
m	03BC	GREEK	GREEK SMALL LETTER MU
m	03FB	GREEK	GREEK SMALL LETTER SAN
m	043C	CYRILLIC	CYRILLIC SMALL LETTER EM
m	15F0	CANADIAN	CANADIAN SYLLABICS CARRIER GO
m	16D6	RUNIC	RUNIC LETTER EHWAZ EH E
m	2C99	COPTIC	COPTIC SMALL LETTER MI
m	A4DF	LISU	LISU LETTER MA
m	AB87	CHEROKEE	CHEROKEE SMALL LETTER LU
m	102B0	CARIAN	CARIAN LETTER S
m	10311	OLD ITALIC	OLD ITALIC LETTER SHE
n	03BD	GREEK	GREEK SMALL LETTER NU
n	0578	ARMENIAN	ARMENIAN SMALL LETTER VO
n	057C	ARMENIAN	ARMENIAN SMALL LETTER RA
n	2C9B	COPTIC	COPTIC SMALL LETTER NI
n	A4E0	LISU	LISU LETTER NA
n	10513	ELBASAN	ELBASAN LETTER NE
o	03BF	GREEK	GREEK SMALL LETTER OMICRON
o	03C3	GREEK	GREEK SMALL LETTER SIGMA
o	03ED	COPTIC	COPTIC SMALL LETTER SHIMA
o	043E	CYRILLIC	CYRILLIC SMALL LETTER O
o	0585	ARMENIAN	ARMENIAN SMALL LETTER OH
o	06F5	EXTENDED ARABIC-INDIC	EXTENDED ARABIC-INDIC DIGIT FIVE
o	0966	DEVANAGARI	DEVANAGARI DIGIT ZERO
o	09E6	BENGALI	BENGALI DIGIT ZERO
o	0A66	GURMUKHI	GURMUKHI DIGIT ZERO
o	0AE6	GUJARATI	GUJARATI DIGIT ZERO
o	0B20	ORIYA	ORIYA LETTER TTHA
o	0B66	ORIYA	ORIYA DIGIT ZERO
o	0BE6	TAMIL	TAMIL DIGIT ZERO
o	0C02	TELUGU	TELUGU SIGN ANUSVARA
o	0C66	TELUGU	TELUGU DIGIT ZERO
o	0C82	KANNADA	KANNADA SIGN ANUSVARA
o	0CE6	KANNADA	KANNADA DIGIT ZERO
o	0D02	MALAYALAM	MALAYALAM SIGN ANUSVARA
o	0D20	MALAYALAM	MALAYALAM LETTER TTHA
o	0D66	MALAYALAM	MALAYALAM DIGIT ZERO
o	0D82	SINHALA	SINHALA SIGN ANUSVARAYA
o	0E50	THAI	THAI DIGIT ZERO
o	0ED0	LAO	LAO DIGIT ZERO
o	101D	MYANMAR	MYANMAR LETTER WA
o	1040	MYANMAR	MYANMAR DIGIT ZERO
o	10FF	GEORGIAN	GEORGIAN LETTER LABIAL SIGN
o	12D0	ETHIOPIC SYLLABLE PHARYNGEAL A	ETHIOPIC SYLLABLE PHARYNGEAL A
o	17E0	KHMER	KHMER DIGIT ZERO
o	1D0F	LATIN	LATIN LETTER SMALL CAPITAL O
o	1D11	LATIN	LATIN SMALL LETTER SIDEWAYS O
o	2C9F	COPTIC	COPTIC SMALL LETTER O
o	2D54	TIFINAGH	TIFINAGH LETTER YAR
o	3007	IDEOGRAPHIC	IDEOGRAPHIC NUMBER ZERO
o	A4F3	LISU	LISU LETTER O
o	AB3D	LATIN	LATIN SMALL LETTER BLACKLETTER O
o	10292	LYCIAN	LYCIAN LETTER U
o	102AB	CARIAN	CARIAN LETTER O
o	1042C	DESERET	DESERET SMALL LETTER LONG O
o	104EA	OSAGE	OSAGE SMALL LETTER O
o	10516	ELBASAN	ELBASAN LETTER O
o	114D0	TIRHUTA	TIRHUTA DIGIT ZERO
o	118C8	WARANG CITI	WARANG CITI SMALL LETTER E
o	118D5	WARANG CITI	WARANG CITI SMALL LETTER AT
o	118D7	WARANG CITI	WARANG CITI SMALL LETTER BU
o	118E0	WARANG CITI	WARANG CITI DIGIT ZERO
p	00FE	LATIN	LATIN SMALL LETTER THORN
p	01BF	LATIN	LATIN LETTER WYNN
p	03C1	GREEK	GREEK SMALL LETTER RHO
p	03F8	GREEK	GREEK SMALL LETTER SHO
p	0440	CYRILLIC	CYRILLIC SMALL LETTER ER
p	146D	CANADIAN	CANADIAN SYLLABICS KI
p	2CA3	COPTIC	COPTIC SMALL LETTER RO
p	2CCF	COPTIC	COPTIC SMALL LETTER OLD COPTIC HA
p	A4D1	LISU	LISU LETTER PA
p	ABB2	CHEROKEE	CHEROKEE SMALL LETTER TLV
p	10295	LYCIAN	LYCIAN LETTER R
q	051B	CYRILLIC	CYRILLIC SMALL LETTER QA
q	0563	ARMENIAN	ARMENIAN SMALL LETTER GIM
q	0566	ARMENIAN	ARMENIAN SMALL LETTER ZA
q	2D55	TIFINAGH	TIFINAGH LETTER YARR
r	0280	LATIN	LATIN LETTER SMALL CAPITAL R
r	0433	CYRILLIC	CYRILLIC SMALL LETTER GHE
r	1587	CANADIAN	CANADIAN SYLLABICS TLHI
r	1D26	GREEK	GREEK LETTER SMALL CAPITAL GAMMA
r	2C85	COPTIC	COPTIC SMALL LETTER GAMMA
r	A4E3	LISU	LISU LETTER ZHA
r	AB47	LATIN	LATIN SMALL LETTER R WITHOUT HANDLE
r	AB48	LATIN	LATIN SMALL LETTER DOUBLE R
r	AB71	CHEROKEE	CHEROKEE SMALL LETTER E
r	AB81	CHEROKEE	CHEROKEE SMALL LETTER HU
r	ABA2	CHEROKEE	CHEROKEE SMALL LETTER SV
r	104DC	OSAGE	OSAGE SMALL LETTER BRA
r	16F35	MIAO	MIAO LETTER ZHA
s	01BD	LATIN	LATIN SMALL LETTER TONE FIVE
s	0455	CYRILLIC	CYRILLIC SMALL LETTER DZE
s	057F	ARMENIAN	ARMENIAN SMALL LETTER TIWN
s	0D1F	MALAYALAM	MALAYALAM LETTER TTA
s	A4E2	LISU	LISU LETTER SA
s	A731	LATIN	LATIN LETTER SMALL CAPITAL S
s	ABA5	CHEROKEE	CHEROKEE SMALL LETTER DE
s	ABAA	CHEROKEE	CHEROKEE SMALL LETTER DU
s	10296	LYCIAN	LYCIAN LETTER S
s	10448	DESERET	DESERET SMALL LETTER ZHEE
s	118C1	WARANG CITI	WARANG CITI SMALL LETTER A
s	16F3A	MIAO	MIAO LETTER SA
t	03C4	GREEK	GREEK SMALL LETTER TAU
t	0442	CYRILLIC	CYRILLIC SMALL LETTER TE
t	2CA7	COPTIC	COPTIC SMALL LETTER TAU
t	A4D4	LISU	LISU LETTER TA
t	AB72	CHEROKEE	CHEROKEE SMALL LETTER I
t	10297	LYCIAN	LYCIAN LETTER T
t	102B1	CARIAN	CARIAN LETTER C-18
t	10315	OLD ITALIC	OLD ITALIC LETTER TE
t	118DC	WARANG CITI	WARANG CITI SMALL LETTER HAR
t	16F0A	MIAO	MIAO LETTER TA
u	028B	LATIN	LATIN SMALL LETTER V WITH HOOK
u	03C5	GREEK	GREEK SMALL LETTER UPSILON
u	057D	ARMENIAN	ARMENIAN SMALL LETTER SEH
u	1200	ETHIOPIC SYLLABLE HA	ETHIOPIC SYLLABLE HA
u	144C	CANADIAN	CANADIAN SYLLABICS TE
u	1D1C	LATIN	LATIN LETTER SMALL CAPITAL U
u	A4F4	LISU	LISU LETTER U
u	A79F	LATIN	LATIN SMALL LETTER VOLAPUK UE
u	AB4E	LATIN	LATIN SMALL LETTER U WITH SHORT RIGHT LEG
u	AB52	LATIN	LATIN SMALL LETTER U WITH LEFT HOOK
u	104F6	OSAGE	OSAGE SMALL LETTER U
u	118D8	WARANG CITI	WARANG CITI SMALL LETTER PU
u	16F42	MIAO	MIAO LETTER WA
v	03BD	GREEK	GREEK SMALL LETTER NU
v	0475	CYRILLIC	CYRILLIC SMALL LETTER IZHITSA
v	06F7	EXTENDED ARABIC-INDIC	EXTENDED ARABIC-INDIC DIGIT SEVEN
v	142F	CANADIAN	CANADIAN SYLLABICS PE
v	1D20	LATIN	LATIN LETTER SMALL CAPITAL V
v	2D38	TIFINAGH	TIFINAGH LETTER YADH
v	A4E6	LISU	LISU LETTER HA
v	A6DF	BAMUM	BAMUM LETTER KO
v	ABA9	CHEROKEE	CHEROKEE SMALL LETTER DO
v	1051D	ELBASAN	ELBASAN LETTER TE
v	11706	AHOM	AHOM LETTER PA
v	118C0	WARANG CITI	WARANG CITI SMALL LETTER NGAA
v	16F08	MIAO	MIAO LETTER VA
w	026F	LATIN	LATIN SMALL LETTER TURNED M
w	0448	CYRILLIC	CYRILLIC SMALL LETTER SHA
w	0461	CYRILLIC	CYRILLIC SMALL LETTER OMEGA
w	051D	CYRILLIC	CYRILLIC SMALL LETTER WE
w	0561	ARMENIAN	ARMENIAN SMALL LETTER AYB
w	1D21	LATIN	LATIN LETTER SMALL CAPITAL W
w	2CBD	COPTIC	COPTIC SMALL LETTER CRYPTOGRAMMIC NI
w	A4EA	LISU	LISU LETTER WA
w	AB83	CHEROKEE	CHEROKEE SMALL LETTER LA
w	ABA4	CHEROKEE	CHEROKEE SMALL LETTER TA
w	1170A	AHOM	AHOM LETTER JA
w	1170E	AHOM	AHOM LETTER LA
w	1170F	AHOM	AHOM LETTER SA
w	118E6	WARANG CITI	WARANG CITI DIGIT SIX
x	03C7	GREEK	GREEK SMALL LETTER CHI
x	0445	CYRILLIC	CYRILLIC SMALL LETTER HA
x	1541	CANADIAN	CANADIAN SYLLABICS SAYISI YI
x	157D	CANADIAN	CANADIAN SYLLABICS HK
x	16B7	RUNIC	RUNIC LETTER GEBO GYFU G
x	2CAD	COPTIC	COPTIC SMALL LETTER KHI
x	2D5D	TIFINAGH	TIFINAGH LETTER YATH
x	A4EB	LISU	LISU LETTER SHA
x	AB53	LATIN	LATIN SMALL LETTER CHI
x	10290	LYCIAN	LYCIAN LETTER MM
x	102B4	CARIAN	CARIAN LETTER X
x	10317	OLD ITALIC	OLD ITALIC LETTER EKS
x	10527	ELBASAN	ELBASAN LETTER KHE
y	0263	LATIN	LATIN SMALL LETTER GAMMA
y	028F	LATIN	LATIN LETTER SMALL CAPITAL Y
y	03B3	GREEK	GREEK SMALL LETTER GAMMA
y	03C5	GREEK	GREEK SMALL LETTER UPSILON
y	0443	CYRILLIC	CYRILLIC SMALL LETTER U
y	04AF	CYRILLIC	CYRILLIC SMALL LETTER STRAIGHT U
y	10E7	GEORGIAN	GEORGIAN LETTER QAR
y	1D8C	LATIN	LATIN SMALL LETTER V WITH PALATAL HOOK
y	1EFF	LATIN	LATIN SMALL LETTER Y WITH LOOP
y	2CA9	COPTIC	COPTIC SMALL LETTER UA
y	A4EC	LISU	LISU LETTER YA
y	AB5A	LATIN	LATIN SMALL LETTER Y WITH SHORT RIGHT LEG
y	AB79	CHEROKEE	CHEROKEE SMALL LETTER GI
y	AB8D	CHEROKEE	CHEROKEE SMALL LETTER MU
y	102B2	CARIAN	CARIAN LETTER U
y	118C4	WARANG CITI	WARANG CITI SMALL LETTER YA
y	118DC	WARANG CITI	WARANG CITI SMALL LETTER HAR
y	16F43	MIAO	MIAO LETTER AH
z	03B6	GREEK	GREEK SMALL LETTER ZETA
z	1D22	LATIN	LATIN LETTER SMALL CAPITAL Z
z	A4DC	LISU	LISU LETTER DZA
z	AB93	CHEROKEE	CHEROKEE SMALL LETTER NO
z	118C4	WARANG CITI	WARANG CITI SMALL LETTER YA
z	118C9	WARANG CITI	WARANG CITI SMALL LETTER O
z	118E5	WARANG CITI	WARANG CITI DIGIT FIVE
